24919,24856,RI_ConstraintTrigger_a_24919,1654,9,O,true,24866,24860,24918,true,true,0,"","",,,
24920,24856,RI_ConstraintTrigger_a_24920,1655,17,O,true,24866,24860,24918,true,true,0,"","",,,
24921,24866,RI_ConstraintTrigger_c_24921,1644,5,O,true,24856,24860,24918,true,true,0,"","",,,
24922,24866,RI_ConstraintTrigger_c_24922,1645,17,O,true,24856,24860,24918,true,true,0,"","",,,
24928,24874,RI_ConstraintTrigger_a_24928,1654,9,O,true,24884,24878,24927,true,true,0,"","",,,
24929,24874,RI_ConstraintTrigger_a_24929,1655,17,O,true,24884,24878,24927,true,true,0,"","",,,
24930,24884,RI_ConstraintTrigger_c_24930,1644,5,O,true,24874,24878,24927,true,true,0,"","",,,
24931,24884,RI_ConstraintTrigger_c_24931,1645,17,O,true,24874,24878,24927,true,true,0,"","",,,
24933,24866,RI_ConstraintTrigger_a_24933,1654,9,O,true,24884,24870,24932,true,true,0,"","",,,
24934,24866,RI_ConstraintTrigger_a_24934,1655,17,O,true,24884,24870,24932,true,true,0,"","",,,
24935,24884,RI_ConstraintTrigger_c_24935,1644,5,O,true,24866,24870,24932,true,true,0,"","",,,
24936,24884,RI_ConstraintTrigger_c_24936,1645,17,O,true,24866,24870,24932,true,true,0,"","",,,
24943,24892,RI_ConstraintTrigger_a_24943,1654,9,O,true,24902,24896,24942,true,true,0,"","",,,
24944,24892,RI_ConstraintTrigger_a_24944,1655,17,O,true,24902,24896,24942,true,true,0,"","",,,
24945,24902,RI_ConstraintTrigger_c_24945,1644,5,O,true,24892,24896,24942,true,true,0,"","",,,
24946,24902,RI_ConstraintTrigger_c_24946,1645,17,O,true,24892,24896,24942,true,true,0,"","",,,
24948,24874,RI_ConstraintTrigger_a_24948,1654,9,O,true,24902,24878,24947,true,true,0,"","",,,
24949,24874,RI_ConstraintTrigger_a_24949,1655,17,O,true,24902,24878,24947,true,true,0,"","",,,
24950,24902,RI_ConstraintTrigger_c_24950,1644,5,O,true,24874,24878,24947,true,true,0,"","",,,
24951,24902,RI_ConstraintTrigger_c_24951,1645,17,O,true,24874,24878,24947,true,true,0,"","",,,
24957,24892,RI_ConstraintTrigger_a_24957,1654,9,O,true,24910,24896,24956,true,true,0,"","",,,
24958,24892,RI_ConstraintTrigger_a_24958,1655,17,O,true,24910,24896,24956,true,true,0,"","",,,
24959,24910,RI_ConstraintTrigger_c_24959,1644,5,O,true,24892,24896,24956,true,true,0,"","",,,
24960,24910,RI_ConstraintTrigger_c_24960,1645,17,O,true,24892,24896,24956,true,true,0,"","",,,
24962,24866,RI_ConstraintTrigger_a_24962,1654,9,O,true,24910,24870,24961,true,true,0,"","",,,
24963,24866,RI_ConstraintTrigger_a_24963,1655,17,O,true,24910,24870,24961,true,true,0,"","",,,
24964,24910,RI_ConstraintTrigger_c_24964,1644,5,O,true,24866,24870,24961,true,true,0,"","",,,
24965,24910,RI_ConstraintTrigger_c_24965,1645,17,O,true,24866,24870,24961,true,true,0,"","",,,
24981,24856,RI_ConstraintTrigger_a_24981,1654,9,O,true,24970,24860,24980,true,true,0,"","",,,
24982,24856,RI_ConstraintTrigger_a_24982,1655,17,O,true,24970,24860,24980,true,true,0,"","",,,
24983,24970,RI_ConstraintTrigger_c_24983,1644,5,O,true,24856,24860,24980,true,true,0,"","",,,
24984,24970,RI_ConstraintTrigger_c_24984,1645,17,O,true,24856,24860,24980,true,true,0,"","",,,
24986,24892,RI_ConstraintTrigger_a_24986,1654,9,O,true,24970,24896,24985,true,true,0,"","",,,
24987,24892,RI_ConstraintTrigger_a_24987,1655,17,O,true,24970,24896,24985,true,true,0,"","",,,
24988,24970,RI_ConstraintTrigger_c_24988,1644,5,O,true,24892,24896,24985,true,true,0,"","",,,
24989,24970,RI_ConstraintTrigger_c_24989,1645,17,O,true,24892,24896,24985,true,true,0,"","",,,
25036,25005,RI_ConstraintTrigger_a_25036,1654,9,O,true,24994,25009,25035,true,true,0,"","",,,
25037,25005,RI_ConstraintTrigger_a_25037,1655,17,O,true,24994,25009,25035,true,true,0,"","",,,
25038,24994,RI_ConstraintTrigger_c_25038,1644,5,O,true,25005,25009,25035,true,true,0,"","",,,
25039,24994,RI_ConstraintTrigger_c_25039,1645,17,O,true,25005,25009,25035,true,true,0,"","",,,
25041,24892,RI_ConstraintTrigger_a_25041,1654,9,O,true,24994,24896,25040,true,true,0,"","",,,
25042,24892,RI_ConstraintTrigger_a_25042,1655,17,O,true,24994,24896,25040,true,true,0,"","",,,
25043,24994,RI_ConstraintTrigger_c_25043,1644,5,O,true,24892,24896,25040,true,true,0,"","",,,
25044,24994,RI_ConstraintTrigger_c_25044,1645,17,O,true,24892,24896,25040,true,true,0,"","",,,
25046,25013,RI_ConstraintTrigger_a_25046,1654,9,O,true,25021,25017,25045,true,true,0,"","",,,
25047,25013,RI_ConstraintTrigger_a_25047,1655,17,O,true,25021,25017,25045,true,true,0,"","",,,
25048,25021,RI_ConstraintTrigger_c_25048,1644,5,O,true,25013,25017,25045,true,true,0,"","",,,
25049,25021,RI_ConstraintTrigger_c_25049,1645,17,O,true,25013,25017,25045,true,true,0,"","",,,
25054,25021,RI_ConstraintTrigger_a_25054,1654,9,O,true,25029,25025,25053,true,true,0,"","",,,
25055,25021,RI_ConstraintTrigger_a_25055,1655,17,O,true,25029,25025,25053,true,true,0,"","",,,
25056,25029,RI_ConstraintTrigger_c_25056,1644,5,O,true,25021,25025,25053,true,true,0,"","",,,
25057,25029,RI_ConstraintTrigger_c_25057,1645,17,O,true,25021,25025,25053,true,true,0,"","",,,
25059,24994,RI_ConstraintTrigger_a_25059,1654,9,O,true,25029,25001,25058,true,true,0,"","",,,
25060,24994,RI_ConstraintTrigger_a_25060,1655,17,O,true,25029,25001,25058,true,true,0,"","",,,
25061,25029,RI_ConstraintTrigger_c_25061,1644,5,O,true,24994,25001,25058,true,true,0,"","",,,
25062,25029,RI_ConstraintTrigger_c_25062,1645,17,O,true,24994,25001,25058,true,true,0,"","",,,
